{
  "project_info": {
    "project_number": "207583715290",
    "firebase_url": "https://cscalendarapp-2fae1.firebaseio.com",
    "project_id": "cscalendarapp-2fae1",
    "storage_bucket": "cscalendarapp-2fae1.appspot.com"
  },
  "client": [
    {
      "client_info": {
        "mobilesdk_app_id": "1:207583715290:android:4d6fe74121c525bb",
        "android_client_info": {
          "package_name": "edu.csusm.cscalendarapp"
        }
      },
      "oauth_client": [
        {
          "client_id": "207583715290-lve9irp6fbnb7un2i6tqlh930aogn429.apps.googleusercontent.com",
          "client_type": 1,
          "android_info": {
            "package_name": "edu.csusm.cscalendarapp",
            "certificate_hash": "208ce5aad9748f8cf3b8d196d9b4f5a43dcfde8b"
          }
        },
        {
          "client_id": "207583715290-trbck0cmead78qj152eree6lu7qe9enj.apps.googleusercontent.com",
          "client_type": 3
        }
      ],
      "api_key": [
        {
          "current_key": "AIzaSyCYoL7_AX9UoihjtwxtValFQUhZ5r-3H1w"
        }
      ],
      "services": {
        "appinvite_service": {
          "other_platform_oauth_client": [
            {
              "client_id": "207583715290-trbck0cmead78qj152eree6lu7qe9enj.apps.googleusercontent.com",
              "client_type": 3
            }
          ]
        }
      }
    }
  ],
  "configuration_version": "1"
}